Faction,Content Set,Candidates,Confidence,Status
The Arborec,base,4,medium / low,ambígua — validação humana
The Barony of Letnev,base,4,medium / low,ambígua — validação humana
The Clan of Saar,base,4,medium / low,ambígua — validação humana
The Embers of Muaat,base,4,medium / low,ambígua — validação humana
The Emirates of Hacan,base,4,medium / low,ambígua — validação humana
The Federation of Sol,base,4,medium / low,ambígua — validação humana
The Ghosts of Creuss,base,5,medium / low,ambígua — validação humana
The L1Z1X Mindnet,base,4,medium / low,ambígua — validação humana
The Mentak Coalition,base,4,medium / low,ambígua — validação humana
The Naalu Collective,base,4,medium / low,ambígua — validação humana
The Nekro Virus,base,4,medium / low,ambígua — validação humana
Sardakk N'orr,base,4,medium / low,ambígua — validação humana
The Universities of Jol-Nar,base,4,medium / low,ambígua — validação humana
The Winnu,base,4,medium / low,ambígua — validação humana
The Xxcha Kingdom,base,4,medium / low,ambígua — validação humana
The Yin Brotherhood,base,4,medium / low,ambígua — validação humana
The Yssaril Tribes,base,4,medium / low,ambígua — validação humana
The Argent Flight,pok,4,medium / low,ambígua — validação humana
The Empyrean,pok,4,medium / low,ambígua — validação humana
The Mahact Gene-Sorcerers,pok,4,medium / low,ambígua — validação humana
The Naaz-Rokha Alliance,pok,4,medium / low,ambígua — validação humana
The Nomad,pok,4,medium / low,ambígua — validação humana
The Titans of Ul,pok,4,medium / low,ambígua — validação humana
The Vuil'Raith Cabal,pok,4,medium / low,ambígua — validação humana
Last Bastion,thunders-edge,4,medium / low,ambígua — validação humana
The Deepwrought Scholarate,thunders-edge,4,medium / low,ambígua — validação humana
The Crimson Rebellion,thunders-edge,4,medium / low,ambígua — validação humana
The Ral Nel Consortium,thunders-edge,4,medium / low,ambígua — validação humana
The Firmament / The Obsidian,thunders-edge,4,medium / low,ambígua — validação humana
The Council Keleres,thunders-edge,4,medium / low,ambígua — validação humana
